subject,group,item,original_answer,cleaned_answer,on.task
73474,NES,toilet,the sit down bathroom,the sit down bathroom,0
371496,NES,carrot,Level up carrots,level up carrots,0
371496,NES,fork,Food eating fork zapper,food eating fork zapper,0
371496,NES,glasses,Superhero sunglasses,superhero sunglasses,0
371496,NES,shovel,Hide object shovel,hide object shovel,0
371496,NES,toilet,Flush the bad guys,flush the bad guys,0
433553,NES,balloon,yolanda the balloon,yolanda the balloon,0
433553,NES,couch,big comfy couch,big comfy couch,0
433553,NES,glasses,silly yellow glasses,silly yellow glasses,0
433553,NES,shovel,denzel the shovel,denzel the shovel,0
433553,NES,toilet,the talking toilet,the talking toilet,0
433553,NES,wallet,the brown wallet,the brown wallet,0
622333,NES,box,Open to put things in,open to put things in,0
687817,NES,couch,sitting sofa,sitting sofa,0
687817,NES,shovel,Digging spade,digging spade,0
935055,NES,couch,purple lounge,purple lounge,0
R_10SNnrIIr95464F,ROM,box,Outofthebox,out of the box,0
R_10SNnrIIr95464F,ROM,carrot,Dedicate carrot,dedicate carrot,0
R_10SNnrIIr95464F,ROM,fork,Useful for eating,useful for eating,0
R_10SNnrIIr95464F,ROM,wallet,Safe wallet,safe wallet,0
R_1I3G0gBkzaJgdws,ROM,wallet,place of your money,place of your money,0
R_29n7MH7kxXPfWvM,ROM,balloon,inflate it until it breaks,inflate it until it breaks,0
R_29n7MH7kxXPfWvM,ROM,box,You can deposit things here,you can deposit things here,0
R_29n7MH7kxXPfWvM,ROM,carrot,Good for salad,good for salad,0
R_29n7MH7kxXPfWvM,ROM,couch,"You can sleep, watch TV or do naughty things on it","you can sleep, watch tv or do naughty things on it",0
R_29n7MH7kxXPfWvM,ROM,glasses,"If you can't see very good, you will after wearing this","if you can't see very good, you will after wearing this",0
R_29n7MH7kxXPfWvM,ROM,shovel,spade,spade,0
R_29n7MH7kxXPfWvM,ROM,toilet,a place when you can release yourself,a place when you can release yourself,0
R_2yfsY4cG9mj90ks,ROM,shovel,tool used to kill zombies,tool used to kill zombies,0
R_2yfsY4cG9mj90ks,ROM,toilet,chair used for biological purposes,chair used for biological purposes,0
R_3frvWVDnRSeS5Fx,ROM,toilet,flush and it's gone,flush and it's gone,0
R_3MhWI0ZrB9DaPLr,ROM,box,Box,box,0
R_3MhWI0ZrB9DaPLr,ROM,fork,Fork,fork,0
R_3MhWI0ZrB9DaPLr,ROM,glasses,Not cool glasses,not cool glasses,0
R_3MhWI0ZrB9DaPLr,ROM,shovel,Shovel,shovel,0
R_3MhWI0ZrB9DaPLr,ROM,toilet,Toilet,toilet,0
R_3ndsSvZVbTrCLMU,ROM,carrot,parrot with c,parrot with c,0
R_3NwgkPIqiM0XAy9,ROM,couch,rest in peace and coziness,rest in peace and cosiness,0
R_3NwgkPIqiM0XAy9,ROM,toilet,best place to think about anything,best place to think about anything,0
R_3stTOk0Mle8rNAz,ROM,toilet,what happens there stays there,what happens there stays there,0
R_5gAi2x8bTllH0vT,ROM,toilet,the place you pee,the place you pee,0
R_ex4JpketV4c1CA9,ROM,couch,Netflix and chill,netflix and chill,0
R_OxUmFFVRBjvaQ25,ROM,box,?,?,0
R_OxUmFFVRBjvaQ25,ROM,fork,eating-fork,eating fork,0
R_pGGCHcoPSqbfNYd,ROM,toilet,the best place to think,the best place to think,0
R_sXYvHkKQ9QpseUp,ROM,carrot,I have no idea,i have no idea,0
R_vrdtJFUbfRAzCox,ROM,balloon,press boom,press boom,0
R_x4OQiEcTsLqROkp,ROM,balloon,party stuff who fly,party stuff who fly,0
R_x4OQiEcTsLqROkp,ROM,couch,sitting in dining room,sitting in dining room,0
R_x4OQiEcTsLqROkp,ROM,fork,like a spoon,like a spoon,0
R_x4OQiEcTsLqROkp,ROM,glasses,the object who makes you see better,the object who makes you see better,0
R_x4OQiEcTsLqROkp,ROM,shovel,the object who helps you to dig,the object who helps you to dig,0
R_XvmSzF3CnAAOQDv,ROM,toilet,Toilet black hole,toilet black hole,0
49998,NES,balloon,air ball /,air ball,1
49998,NES,box,Compressed paper container,compressed paper container,1
49998,NES,carrot,orange veggie,orange veggie,1
49998,NES,fork,eating tool,eating tool,1
49998,NES,shovel,digger,digger,1
49998,NES,toilet,Pee holder,pee holder,1
52507,NES,carrot,Orange Root,orange root,1
52507,NES,couch,Sitting Cushion,sitting cushion,1
52507,NES,fork,Eating Device,eating device,1
52507,NES,glasses,Sight Dimmers,sight dimmers,1
52507,NES,shovel,Dirt Digger,dirt digger,1
52507,NES,wallet,Money Holder,money holder,1
66254,NES,balloon,rubber helium holder,rubber helium holder,1
66254,NES,box,object mover,object mover,1
66254,NES,carrot,rabbit food,rabbit food,1
66254,NES,couch,sitting down spot,sitting down spot,1
66254,NES,fork,food pick up object,food pick up object,1
66254,NES,shovel,dirt mover,dirt mover,1
67334,NES,balloon,poke popper,poke popper,1
67334,NES,box,shipping cage,shipping cage,1
67334,NES,carrot,soup starter,soup starter,1
67334,NES,couch,squishy sitter,squishy sitter,1
67334,NES,fork,food prod,food prod,1
67334,NES,wallet,money leather,money leather,1
73474,NES,carrot,Orange root,orange root,1
73474,NES,couch,the bed with a back,the bed with a back,1
73474,NES,fork,food stabber,food stabber,1
73474,NES,glasses,looking lenses,looking lenses,1
73474,NES,shovel,hole digger,hole digger,1
77312,NES,box,folded cardboard,folded cardboard,1
77312,NES,carrot,orange sticks,orange sticks,1
77312,NES,couch,sitting seat,sitting seat,1
77312,NES,fork,food poker,food poker,1
77312,NES,toilet,poopy hole,poopy hole,1
77312,NES,wallet,money carrier,money carrier,1
79846,NES,box,poor mans lugguage,poor mans luggage,1
79846,NES,carrot,Rabbit food,rabbit food,1
79846,NES,fork,food pickerupper,food picker upper,1
79846,NES,glasses,Ray deflectors,ray deflectors,1
79846,NES,shovel,grave digger,grave digger,1
79846,NES,toilet,pee catcher,pee catcher,1
88522,NES,carrot,snowman proboscis,snowman proboscis,1
88522,NES,fork,masochist's shoe horn,masochist's shoe horn,1
88522,NES,glasses,needle threaders,needle threaders,1
88522,NES,shovel,groundhog extruder,groundhog extruder,1
88522,NES,toilet,sanitary throne,sanitary throne,1
88522,NES,wallet,money shelter,money shelter,1
128625,NES,balloon,party bubble,party bubble,1
128625,NES,fork,food poker,food poker,1
128625,NES,glasses,sight enhancer,sight enhancer,1
128625,NES,shovel,hole maker,hole maker,1
128625,NES,toilet,peepee station,pee pee station,1
128625,NES,wallet,money pocket,money pocket,1
150400,NES,box,cardboard object holder,cardboard object holder,1
150400,NES,couch,multi-person seat,multi person seat,1
150400,NES,fork,food stabber,food stabber,1
150400,NES,glasses,vision corrector,vision corrector,1
150400,NES,shovel,digger,digger,1
150400,NES,toilet,human waste remover,human waste remover,1
155403,NES,box,Paper basket,paper basket,1
155403,NES,carrot,Rabbit Sticks,rabbit sticks,1
155403,NES,couch,Comfy napper,comfy napper,1
155403,NES,fork,Food stabber,food stabber,1
155403,NES,shovel,Pointy hole maker,pointy hole maker,1
155403,NES,wallet,Butt file folder,butt file folder,1
180850,NES,balloon,air holder,air holder,1
180850,NES,box,things organizer,things organizer,1
180850,NES,glasses,vision clearer,vision clearer,1
180850,NES,shovel,dirt spoon,dirt spoon,1
180850,NES,toilet,poop trash can,poop trash can,1
180850,NES,wallet,money holder,money holder,1
186058,NES,balloon,party floater,party floater,1
186058,NES,box,shipping object holder,shipping object holder,1
186058,NES,carrot,eye sight enhancer,eyesight enhancer,1
186058,NES,glasses,seeing enhancer,seeing enhancer,1
186058,NES,toilet,gotta go box,got to go box,1
186058,NES,wallet,money holder,money holder,1
186559,NES,balloon,helium globe,helium globe,1
186559,NES,box,cardboard fortress,cardboard fortress,1
186559,NES,couch,rear end holder for television watching,rear end holder for television watching,1
186559,NES,shovel,hole digger,hole digger,1
186559,NES,toilet,poop flusher,poop flusher,1
186559,NES,wallet,pocket organizer,pocket organizer,1
192141,NES,balloon,air toy,air toy,1
192141,NES,carrot,rabbit food,rabbit food,1
192141,NES,couch,fanny seat,fanny seat,1
192141,NES,fork,food stabber,food stabber,1
192141,NES,glasses,seeing helpers,seeing helpers,1
192141,NES,wallet,money folder,money folder,1
196593,NES,balloon,party popper,party popper,1
196593,NES,box,bulky envelope,bulky envelope,1
196593,NES,carrot,bunny teeth,bunny teeth,1
196593,NES,shovel,dirt digger,dirt digger,1
196593,NES,toilet,bathroom bowl,bathroom bowl,1
196593,NES,wallet,money hider,money hider,1
204279,NES,box,Moving helper,moving helper,1
204279,NES,carrot,Bunny gold,bunny gold,1
204279,NES,couch,Comfort with arms and legs,comfort with arms and legs,1
204279,NES,fork,Vegetable shovel,vegetable shovel,1
204279,NES,glasses,Bright reducer,bright reducer,1
204279,NES,wallet,Money muncher,money muncher,1
204957,NES,balloon,toy sac air holder,toy sac air holder,1
204957,NES,carrot,eye sharpener,eye sharpener,1
204957,NES,glasses,vision improver,vision improver,1
204957,NES,shovel,ground digger,ground digger,1
204957,NES,toilet,bodily waste remover,bodily waste remover,1
204957,NES,wallet,money holder,money holder,1
230298,NES,balloon,floating ball,floating ball,1
230298,NES,box,cube holder,cube holder,1
230298,NES,carrot,orange roots,orange roots,1
230298,NES,glasses,sight seerers,sight sightseers,1
230298,NES,shovel,hole maker,hole maker,1
230298,NES,toilet,potty bowl,potty bowl,1
238992,NES,balloon,Gas capsule,gas capsule,1
238992,NES,box,Store packer,store packer,1
238992,NES,carrot,Orange sticks,orange sticks,1
238992,NES,couch,Flop butt,flop butt,1
238992,NES,glasses,Sun stopper,sun stopper,1
238992,NES,toilet,Flusher potty,flusher potty,1
240382,NES,balloon,pop and scare,pop and scare,1
240382,NES,carrot,nicotine diversion object,nicotine diversion object,1
240382,NES,couch,TV seat,tv seat,1
240382,NES,fork,spaghetti twirler,spaghetti twirler,1
240382,NES,glasses,page magnifier,page magnifier,1
240382,NES,toilet,drunk night friend,drunk night friend,1
275465,NES,box,object holder,object holder,1
275465,NES,carrot,bunnie treats,bunny treats,1
275465,NES,couch,human holder,human holder,1
275465,NES,glasses,light ray deterrents,light ray deterrents,1
275465,NES,shovel,hole creator,hole creator,1
275465,NES,wallet,container of money,container of money,1
300103,NES,balloon,air bomb,air bomb,1
300103,NES,box,cube space,cube space,1
300103,NES,carrot,orange pipes,orange pipes,1
300103,NES,couch,laypod,lay pod,1
300103,NES,fork,fightrod,fight rod,1
300103,NES,wallet,flapper,flapper,1
301243,NES,balloon,Rubber Floater,rubber floater,1
301243,NES,couch,Living room lounger /,living room lounger,1
301243,NES,fork,Bite holder,bite holder,1
301243,NES,glasses,Eye magnifiers,eye magnifiers,1
301243,NES,toilet,Poop Chute,poop chute,1
301243,NES,wallet,Pocket purse,pocket purse,1
302380,NES,box,cardboard pen,cardboard pen,1
302380,NES,carrot,dirt point,dirt point,1
302380,NES,couch,rest place,rest place,1
302380,NES,fork,pointy eater,pointy eater,1
302380,NES,shovel,dirt remover,dirt remover,1
302380,NES,wallet,money holder,money holder,1
312890,NES,balloon,Air floater.,air floater,1
312890,NES,box,Stuff holder.,stuff holder,1
312890,NES,fork,Food stabber.,food stabber,1
312890,NES,glasses,Eye windows.,eye windows,1
312890,NES,shovel,Dirt digger.,dirt digger,1
312890,NES,wallet,Money folder.,money folder,1
319223,NES,balloon,Floating Object,floating object,1
319223,NES,box,Square Holder,square holder,1
319223,NES,couch,Soft Sitting Area,soft sitting area,1
319223,NES,glasses,Face Viewer,face viewer,1
319223,NES,toilet,Bathroom Throne,bathroom throne,1
319223,NES,wallet,Money Holder,money holder,1
330370,NES,couch,cushiony sitter,cushiony sitter,1
330370,NES,fork,food rake,food rake,1
330370,NES,glasses,eye shields,eye shields,1
330370,NES,shovel,dirt digger,dirt digger,1
330370,NES,toilet,poop remover,poop remover,1
330370,NES,wallet,money holder,money holder,1
362921,NES,box,cardboard container,cardboard container,1
362921,NES,carrot,orange root food,orange root food,1
362921,NES,couch,cushioned seating,cushioned seating,1
362921,NES,fork,pronged feeder,pronged feeder,1
362921,NES,shovel,dirt digger,dirt digger,1
362921,NES,wallet,money holder,money holder,1
371496,NES,wallet,Money holder,money holder,1
375777,NES,box,cardboard cube,cardboard cube,1
375777,NES,carrot,orange crunchies,orange crunchies,1
375777,NES,couch,television seat,television seat,1
375777,NES,fork,food spear,food spear,1
375777,NES,shovel,dirt mover,dirt mover,1
375777,NES,toilet,poop accepter,poop accepter,1
387899,NES,balloon,Floating ball,floating ball,1
387899,NES,box,Object holder,object holder,1
387899,NES,carrot,Rabbit food,rabbit food,1
387899,NES,glasses,Vision helper,vision helper,1
387899,NES,shovel,Dirt shuffler,dirt shuffler,1
387899,NES,wallet,Money holder,money holder,1
396647,NES,box,Cat cave,cat cave,1
396647,NES,fork,Food stabber,food stabber,1
396647,NES,glasses,Eyeball windows,eyeball windows,1
396647,NES,shovel,Dirt jabber,dirt jabber,1
396647,NES,toilet,Poop swallower,poop swallower,1
396647,NES,wallet,Money holder,money holder,1
399876,NES,balloon,Big plastic colored object,big plastic colored object,1
399876,NES,carrot,Eating pointers,eating pointers,1
399876,NES,couch,Comforter,comforter,1
399876,NES,fork,Eating utensil,eating utensil,1
399876,NES,glasses,Seeing glass,seeing glass,1
399876,NES,shovel,Metal stick,metal stick,1
399930,NES,balloon,air holder,air holder,1
399930,NES,carrot,crunchy spears,crunchy spears,1
399930,NES,couch,sitting shelf,sitting shelf,1
399930,NES,fork,food grabber,food grabber,1
399930,NES,shovel,big digger,big digger,1
399930,NES,wallet,money keeper,money keeper,1
407662,NES,balloon,loud popper,loud popper,1
407662,NES,couch,butt rester,butt rester,1
407662,NES,fork,food spiker,food spiker,1
407662,NES,glasses,sunshields,sun shields,1
407662,NES,shovel,ground chopper,ground chopper,1
407662,NES,toilet,sitting pooper,sitting pooper,1
411418,NES,box,cardboard stuff holder,cardboard stuff holder,1
411418,NES,carrot,orange rabbit sticks,orange rabbit sticks,1
411418,NES,couch,living room butt holder,living room butt holder,1
411418,NES,fork,pointy food poker,pointy food poker,1
411418,NES,toilet,poo poo palace,poo poo palace,1
411418,NES,wallet,leather currency holder,leather currency holder,1
436868,NES,carrot,see-goods,see goods,1
436868,NES,fork,food shovel,food shovel,1
436868,NES,glasses,unblurrers,unblurrers,1
436868,NES,shovel,dirt spoon,dirt spoon,1
436868,NES,toilet,swoosher,swoosher,1
436868,NES,wallet,buying paper holder,buying paper holder,1
445363,NES,balloon,floating sphere /,floating sphere,1
445363,NES,box,present hider,present hider,1
445363,NES,couch,afternoon nap location on a lazy day,afternoon nap location on a lazy day,1
445363,NES,fork,spaghetti twirler,spaghetti twirler,1
445363,NES,glasses,second eyes,second eyes,1
445363,NES,shovel,dirt remover,dirt remover,1
451714,NES,balloon,Air Pack,air pack,1
451714,NES,box,Universal Holder,universal holder,1
451714,NES,carrot,Sugar Free Natural Candy,sugar free natural candy,1
451714,NES,couch,Lazy Person Holder,lazy person holder,1
451714,NES,glasses,Vision Enhancer,vision enhancer,1
451714,NES,shovel,Dirt Mover,dirt mover,1
488074,NES,box,container,container,1
488074,NES,carrot,stick figure,stick figure,1
488074,NES,fork,food staber,food stabber,1
488074,NES,glasses,spy lens,spy lens,1
488074,NES,shovel,dirt remover,dirt remover,1
488074,NES,toilet,waste remover,waste remover,1
489415,NES,balloon,green air container,green air container,1
489415,NES,box,square item container,square item container,1
489415,NES,carrot,orange vegetable sticks,orange vegetable sticks,1
489415,NES,fork,food spears,food spears,1
489415,NES,glasses,eyeball protector,eyeball protector,1
489415,NES,toilet,waste disposal unit,waste disposal unit,1
492836,NES,box,moving material,moving material,1
492836,NES,carrot,orange food,orange food,1
492836,NES,couch,sitting furniture,sitting furniture,1
492836,NES,fork,eating utensil,eating utensil,1
492836,NES,glasses,object viewer,object viewer,1
492836,NES,wallet,money holder,money holder,1
494894,NES,balloon,floating ball of air,floating ball of air,1
494894,NES,box,object holder,object holder,1
494894,NES,carrot,orange sticks of flavor,orange sticks of flavor,1
494894,NES,glasses,vision fixer,vision fixer,1
494894,NES,shovel,dirt thrower,dirt thrower,1
494894,NES,wallet,money hugger,money hugger,1
507125,NES,balloon,Air container,air container,1
507125,NES,box,Holdy cube,holdy cube,1
507125,NES,carrot,Orange crunchy,orange crunchy,1
507125,NES,couch,Long chair,long chair,1
507125,NES,shovel,Big digger,big digger,1
507125,NES,wallet,Money holder,money holder,1
509255,NES,balloon,Poppable air container,poppable air container,1
509255,NES,couch,Leg relaxer,leg relaxer,1
509255,NES,glasses,Brightness adjusters,brightness adjusters,1
509255,NES,shovel,Hole digger,hole digger,1
509255,NES,toilet,Waste flusher,waste flusher,1
509255,NES,wallet,Money keeper,money keeper,1
528210,NES,box,stuff holder,stuff holder,1
528210,NES,carrot,rabbit food,rabbit food,1
528210,NES,couch,small bed,small bed,1
528210,NES,fork,pointy spoon,pointy spoon,1
528210,NES,toilet,pee collector,pee collector,1
528210,NES,wallet,money holder,money holder,1
536772,NES,balloon,air filler,air filler,1
536772,NES,carrot,orange stick,orange stick,1
536772,NES,couch,purple sleeper,purple sleeper,1
536772,NES,fork,food picker,food picker,1
536772,NES,toilet,waste releaser,waste releaser,1
536772,NES,wallet,pocket vault,pocket vault,1
551910,NES,balloon,Green bubble,green bubble,1
551910,NES,box,hidey hole,hidey hole,1
551910,NES,carrot,orange ques,orange ques,1
551910,NES,glasses,eye covers,eye covers,1
551910,NES,shovel,dirt mover,dirt mover,1
551910,NES,wallet,money maker,money maker,1
556358,NES,balloon,air ball,air ball,1
556358,NES,carrot,orange root,orange root,1
556358,NES,couch,butt parker,butt parker,1
556358,NES,fork,speared hand,speared hand,1
556358,NES,glasses,action cameras,action cameras,1
556358,NES,toilet,smelly basket,smelly basket,1
556428,NES,balloon,Green Rubber Float,green rubber float,1
556428,NES,box,Open Cardboard Square,open cardboard square,1
556428,NES,carrot,Orange Root,orange root,1
556428,NES,couch,The Soft Group Sitting Furniture,the soft group sitting furniture,1
556428,NES,fork,4 Point Stabbing Tool,4 point stabbing tool,1
556428,NES,glasses,Wearable Windows,wearable windows,1
558099,NES,balloon,colorful air holder,colorful air holder,1
558099,NES,box,stuff carrier,stuff carrier,1
558099,NES,couch,butt rest,butt rest,1
558099,NES,shovel,dirt digger,dirt digger,1
558099,NES,toilet,poop chute,poop chute,1
558099,NES,wallet,money protector,money protector,1
559023,NES,balloon,Floating ball,floating ball,1
559023,NES,box,Stuff holder,stuff holder,1
559023,NES,couch,Sitting furniture,sitting furniture,1
559023,NES,glasses,Eye shades,eye shades,1
559023,NES,shovel,Dirt mover,dirt mover,1
559023,NES,toilet,Inside flusher,inside flusher,1
560546,NES,balloon,blown air,blown air,1
560546,NES,box,empty gift,empty gift,1
560546,NES,couch,butt rester,butt rester,1
560546,NES,glasses,seeing covers,seeing covers,1
560546,NES,shovel,it's a pick it up,pick it up,1
560546,NES,toilet,waste flusher,waste flusher,1
574736,NES,balloon,inflated decoration,inflated decoration,1
574736,NES,couch,people parking space,people parking space,1
574736,NES,fork,food transporter,food transporter,1
574736,NES,glasses,peeking helpers,peeking helpers,1
574736,NES,shovel,dirt remover,dirt remover,1
574736,NES,toilet,waste disposer,waste disposer,1
577153,NES,balloon,Blimp bird,blimp bird,1
577153,NES,fork,Food jabber,food jabber,1
577153,NES,glasses,Eye correcters,eye correctors,1
577153,NES,shovel,Manual earth mover,manual earth mover,1
577153,NES,toilet,Elimination seat,elimination seat,1
577153,NES,wallet,Money folder,money folder,1
582142,NES,carrot,a rabbit's delight,a rabbit's delight,1
582142,NES,fork,mouth feeder,mouth feeder,1
582142,NES,glasses,eye helper,eye helper,1
582142,NES,shovel,hole creator,hole creator,1
582142,NES,toilet,pee and poop disposer,pee and poop disposer,1
582142,NES,wallet,cash holder,cash holder,1
583350,NES,box,cardboard packing container also used by small people as a construction piece,cardboard packing container,1
583350,NES,carrot,crunchy and flavorful orange portable nutritional package,crunchy and flavorful orange portable nutritional package,1
583350,NES,couch,multiple person sit upon,multiple person sit upon,1
583350,NES,fork,multi-pronged food stabilizer and transporter to mouth,multi pronged food stabilizer and transporter to mouth,1
583350,NES,glasses,"device to protect human visual apparatus from excessive solar radiation (I assume they are sunglasses, not corrective glasses)",device to protect human visual apparatus from excessive solar radiation,1
583350,NES,toilet,body waste disposer,body waste disposer,1
588777,NES,balloon,inflatable rubber,inflatable rubber,1
588777,NES,box,cardboard receptacle,cardboard receptacle,1
588777,NES,couch,velvet resting place,velvet resting place,1
588777,NES,shovel,scooping mechanism,scooping mechanism,1
588777,NES,toilet,bodily waste disposal unit,bodily waste disposal unit,1
588777,NES,wallet,leather money holder,leather money holder,1
595983,NES,balloon,air bag,air bag,1
595983,NES,box,square storage,square storage,1
595983,NES,carrot,orange stick,orange stick,1
595983,NES,fork,food spear,food spear,1
595983,NES,shovel,hole digger,hole digger,1
595983,NES,toilet,stool remover,stool remover,1
622333,NES,balloon,air holder,air holder,1
622333,NES,carrot,rabbit food,rabbit food,1
622333,NES,couch,butt sitter,butt sitter,1
622333,NES,fork,nutrition prod,nutrition prod,1
622333,NES,wallet,money holder,money holder,1
625858,NES,balloon,inflated elation,inflated elation,1
625858,NES,box,packing crate,packing crate,1
625858,NES,carrot,snowman nose,snowman nose,1
625858,NES,fork,food grabber,food grabber,1
625858,NES,shovel,handled digger,handled digger,1
625858,NES,toilet,potty spot,potty spot,1
647718,NES,balloon,air bag,air bag,1
647718,NES,box,mess organizer,mess organizer,1
647718,NES,carrot,orange treat,orange treat,1
647718,NES,fork,noodle catcher,noodle catcher,1
647718,NES,toilet,potty box,potty box,1
647718,NES,wallet,money bag,money bag,1
652021,NES,balloon,"air holder, floater, blow up, round air, birthday air",air holder,1
652021,NES,box,"junk management system, stacker, storer, junk catcher",junk management system,1
652021,NES,carrot,"crunchers, long vegs, orange sticks, root fruit, orange crunch",crunchers,1
652021,NES,couch,"rest up, lay down, potato holder, plushy seat, rest area",rest up,1
652021,NES,fork,"piercer, American chopstick, hand to mouth tool, stabber, prongs",piercer,1
652021,NES,wallet,"money holder, cash stash, card folder, money hider, pocket cash, personal bank",money holder,1
669163,NES,balloon,Decorative rubber float.,decorative rubber float,1
669163,NES,box,Destructible transport cube,destructible transport cube,1
669163,NES,couch,Elevated sit space,elevated sit space,1
669163,NES,shovel,Handheld hole generator,handheld hole generator,1
669163,NES,toilet,Waste water-hole,waste water hole,1
669163,NES,wallet,Pocket currency itemizer,pocket currency itemizer,1
670697,NES,balloon,air-filled rubber,air filled rubber,1
670697,NES,box,storage square,storage square,1
670697,NES,glasses,face windows,face windows,1
670697,NES,shovel,digger,digger,1
670697,NES,toilet,waste receptacle,waste receptacle,1
670697,NES,wallet,pocket manager,pocket manager,1
683129,NES,box,Cat House,cat house,1
683129,NES,carrot,Orange Stick,orange stick,1
683129,NES,fork,Pointy Food Holder,pointy food holder,1
683129,NES,glasses,See Thru Eyes,see thru eyes,1
683129,NES,shovel,Giant Spoon,giant spoon,1
683129,NES,wallet,Money Lender,money lender,1
687817,NES,box,cardboard long container,cardboard long container,1
687817,NES,carrot,orange elongated edible triangles,orange elongated edible triangles,1
687817,NES,fork,four prong pitch fork,four prong pitchfork,1
687817,NES,glasses,yellow glass wrap around the eyes,yellow glass wrap around the eyes,1
691603,NES,balloon,floating ball,floating ball,1
691603,NES,couch,relaxer,relaxer,1
691603,NES,glasses,eye covers,eye covers,1
691603,NES,shovel,dirt remover,dirt remover,1
691603,NES,toilet,relieve go-er,relieve goer,1
691603,NES,wallet,money keeper,money keeper,1
703456,NES,box,paper container,paper container,1
703456,NES,fork,food spear,food spear,1
703456,NES,glasses,eye fixers,eye fixers,1
703456,NES,shovel,dirt spoon,dirt spoon,1
703456,NES,toilet,poop basket,poop basket,1
703456,NES,wallet,money holder,money holder,1
724098,NES,balloon,Air holder,air holder,1
724098,NES,carrot,Edible orange sticks,edible orange sticks,1
724098,NES,fork,Food picker upper.,food picker upper,1
724098,NES,glasses,Eye focuser,eye focuser,1
724098,NES,shovel,Dirt digger,dirt digger,1
724098,NES,toilet,Pee pee remover,pee pee remover,1
740002,NES,box,things holder,things holder,1
740002,NES,carrot,eye food,eye food,1
740002,NES,couch,people sitter,people sitter,1
740002,NES,glasses,vision correctors,vision correctors,1
740002,NES,toilet,pee remover,pee remover,1
740002,NES,wallet,money holder,money holder,1
758839,NES,balloon,Inflatable bauble,inflatable bauble,1
758839,NES,carrot,Crunchy ground vegetable,crunchy ground vegetable,1
758839,NES,couch,Lounge provider,lounge provider,1
758839,NES,fork,Food trident,food trident,1
758839,NES,glasses,Eye improver,eye improver,1
758839,NES,shovel,Dirt lifter,dirt lifter,1
766400,NES,balloon,chocolate shape maker,chocolate shape maker,1
766400,NES,carrot,eye sight maker,eyesight maker,1
766400,NES,couch,Rocket ship to moon,rocket ship to moon,1
766400,NES,fork,bug kiler,bug killer,1
766400,NES,glasses,super hero power getter,super hero power getter,1
766400,NES,shovel,flower planter,flower planter,1
774952,NES,balloon,Breath capturer,breath capturer,1
774952,NES,box,Stuff holder,stuff holder,1
774952,NES,couch,Comfy butt sitter,comfy butt sitter,1
774952,NES,glasses,See betters,see betters,1
774952,NES,shovel,Hole in the ground maker,hole in the ground maker,1
774952,NES,toilet,No smelly poop receptacle,no smelly poop receptacle,1
816368,NES,balloon,air container,air container,1
816368,NES,box,thing holder,thing holder,1
816368,NES,carrot,rabbit snack,rabbit snack,1
816368,NES,couch,person holder,person holder,1
816368,NES,fork,food mover,food mover,1
816368,NES,shovel,dirt mover,dirt mover,1
817565,NES,balloon,green helium voice changer,green helium voice changer,1
817565,NES,carrot,eye vitamins,eye vitamins,1
817565,NES,couch,purple body cushion,purple body cushion,1
817565,NES,fork,food shovel,food shovel,1
817565,NES,glasses,geeky yellow readers,geeky yellow readers,1
817565,NES,toilet,appliance #1,appliance #1,1
819329,NES,box,This is a brown holder.,brown holder,1
819329,NES,couch,This is a purple sitter.,purple sitter,1
819329,NES,fork,This is a stick to eat with.,stick to eat with,1
819329,NES,glasses,This is protective sun dark ware.,protective sun dark ware,1
819329,NES,toilet,This is a disposable bathroom waste.,disposable bathroom waste,1
819329,NES,wallet,This is a brown money holder.,brown money holder,1
822243,NES,balloon,rubber blow up,rubber blow up,1
822243,NES,box,folded shipper,folded shipper,1
822243,NES,couch,sitting bed,sitting bed,1
822243,NES,glasses,eye protectors,eye protectors,1
822243,NES,shovel,digging spoon,digging spoon,1
822243,NES,wallet,money holder,money holder,1
832849,NES,balloon,Floating air,floating air,1
832849,NES,box,Object holder,object holder,1
832849,NES,carrot,Rabbit food,rabbit food,1
832849,NES,couch,Comfort spot,comfort spot,1
832849,NES,toilet,Water flusher,water flusher,1
832849,NES,wallet,Money keeper,money keeper,1
853415,NES,carrot,Bunny feeder,bunny feeder,1
853415,NES,couch,Comfy sitter,comfy sitter,1
853415,NES,glasses,Sight helper,sight helper,1
853415,NES,toilet,Poo flusher,poo flusher,1
853415,NES,wallet,Money holder,money holder,1
870703,NES,box,Object holder,object holder,1
870703,NES,couch,Soft seater,soft seater,1
870703,NES,glasses,Vision enhancer,vision enhancer,1
870703,NES,shovel,Dirt scooper,dirt scooper,1
870703,NES,toilet,Waste flusher,waste flusher,1
870703,NES,wallet,multi-card holder,multi card holder,1
896519,NES,balloon,airball,air ball,1
896519,NES,carrot,fingers,fingers,1
896519,NES,fork,metal teeth,metal teeth,1
896519,NES,glasses,eyes,eyes,1
896519,NES,shovel,digger,digger,1
896519,NES,wallet,money folder,money folder,1
906916,NES,carrot,OrangeYums,orange yums,1
906916,NES,couch,Comfy Bottom,comfy bottom,1
906916,NES,fork,Food Spear,food spear,1
906916,NES,glasses,Seebetters,see betters,1
906916,NES,shovel,Diggerupper,digger upper,1
906916,NES,wallet,Daddy'smoneyholder,daddy's money holder,1
913267,NES,carrot,Orange sticks,orange sticks,1
913267,NES,fork,food shovel,food shovel,1
913267,NES,glasses,eyeball fixer,eyeball fixer,1
913267,NES,shovel,Dirt mover,dirt mover,1
913267,NES,toilet,Tinkle holder,tinkle holder,1
913267,NES,wallet,money holder,money holder,1
915519,NES,balloon,air holder,air holder,1
915519,NES,carrot,orange munchies,orange munchies,1
915519,NES,couch,rear end supporter,rear end supporter,1
915519,NES,fork,food spear,food spear,1
915519,NES,shovel,dirt mover,dirt mover,1
915519,NES,toilet,restroom seat,restroom seat,1
916456,NES,balloon,floating ball,floating ball,1
916456,NES,carrot,rabbit food,rabbit food,1
916456,NES,fork,food tool,food tool,1
916456,NES,glasses,eyes shades,eyes shades,1
916456,NES,toilet,body waste disposal,body waste disposal,1
916456,NES,wallet,money holder,money holder,1
916597,NES,couch,big seat,big seat,1
916597,NES,fork,food poker,food poker,1
916597,NES,glasses,face windows,face windows,1
916597,NES,shovel,ground digger,ground digger,1
916597,NES,toilet,poop disposal,poop disposal,1
916597,NES,wallet,money holder,money holder,1
922901,NES,balloon,air bag,air bag,1
922901,NES,box,present hider,present hider,1
922901,NES,carrot,snowman vegetable,snowman vegetable,1
922901,NES,couch,stretched chair,stretched chair,1
922901,NES,glasses,eye shields,eye shields,1
922901,NES,wallet,miniature man purse,miniature man purse,1
930039,NES,balloon,Air floater,air floater,1
930039,NES,box,Rectangular stuff place,rectangular stuff place,1
930039,NES,carrot,Crunchy orange,crunchy orange,1
930039,NES,fork,Food mover,food mover,1
930039,NES,toilet,Poop disposal,poop disposal,1
930039,NES,wallet,Money holder,money holder,1
935055,NES,box,wood pulp package,wood pulp package,1
935055,NES,fork,food spear,food spear,1
935055,NES,glasses,vision cover,vision cover,1
935055,NES,toilet,waste remover,waste remover,1
935055,NES,wallet,my life,my life,1
939654,NES,balloon,Bag of Air,bag of air,1
939654,NES,box,Brown Square,brown square,1
939654,NES,couch,Long Seat,long seat,1
939654,NES,fork,Food Stick,food stick,1
939654,NES,shovel,Hole Maker,hole maker,1
939654,NES,toilet,Poop Flusher,poop flusher,1
939841,NES,box,reuseage storage,reusage storage,1
939841,NES,carrot,orange rooter,orange rooter,1
939841,NES,glasses,image maker,image maker,1
939841,NES,shovel,earth mover,earth mover,1
939841,NES,toilet,wastes chair,wastes chair,1
939841,NES,wallet,storge folder,storage folder,1
949711,NES,box,moving cardboard,moving cardboard,1
949711,NES,carrot,orange stick you can eat,orange stick you can eat,1
949711,NES,couch,sitting bench,sitting bench,1
949711,NES,glasses,seeing goggles,seeing goggles,1
949711,NES,toilet,urine disposer,urine disposer,1
949711,NES,wallet,money holder,money holder,1
965915,NES,balloon,poppable,poppable,1
965915,NES,couch,sleeperbed,sleeper bed,1
965915,NES,fork,eater,eater,1
965915,NES,glasses,peepers,peepers,1
965915,NES,toilet,reliever,reliever,1
965915,NES,wallet,cash holder,cash holder,1
966324,NES,balloon,air trapper,air trapper,1
966324,NES,couch,butt rester,butt rester,1
966324,NES,fork,food picker,food picker,1
966324,NES,glasses,vision fixer,vision fixer,1
966324,NES,shovel,dirt scooper,dirt scooper,1
966324,NES,toilet,waste manager,waste manager,1
982289,NES,balloon,air holder,air holder,1
982289,NES,box,thing container,thing container,1
982289,NES,couch,sitting bed,sitting bed,1
982289,NES,shovel,hole maker,hole maker,1
982289,NES,toilet,waste remover,waste remover,1
982289,NES,wallet,money keeper,money keeper,1
996990,NES,balloon,elastic air holder,elastic air holder,1
996990,NES,box,cardboard stuff container,cardboard stuff container,1
996990,NES,carrot,healthy orange sticks,healthy orange sticks,1
996990,NES,couch,wide chair,wide chair,1
996990,NES,glasses,face-mounted eye cover,face mounted eye cover,1
996990,NES,shovel,dirt digger,dirt digger,1
R_0iGjDGaU1U1eaGt,ROM,balloon,a fragile bag of air,a fragile bag of air,1
R_0iGjDGaU1U1eaGt,ROM,box,things keeper,things keeper,1
R_0iGjDGaU1U1eaGt,ROM,carrot,orange vegetable,orange vegetable,1
R_0iGjDGaU1U1eaGt,ROM,couch,the bed for siesta,the bed for siesta,1
R_0iGjDGaU1U1eaGt,ROM,fork,food grabber,food grabber,1
R_0iGjDGaU1U1eaGt,ROM,glasses,two HD pieces of glass,two hd pieces of glass,1
R_0iGjDGaU1U1eaGt,ROM,shovel,soil mover,soil mover,1
R_0iGjDGaU1U1eaGt,ROM,toilet,seat for nb. 2,seat for number 2,1
R_0iGjDGaU1U1eaGt,ROM,wallet,money keeper,money keeper,1
R_10pgnmiiVcm6pzq,ROM,balloon,Flying ball,flying ball,1
R_10pgnmiiVcm6pzq,ROM,box,things keeper,things keeper,1
R_10pgnmiiVcm6pzq,ROM,carrot,Rabit's food,rabbit's food,1
R_10pgnmiiVcm6pzq,ROM,couch,Sleeping place,sleeping place,1
R_10pgnmiiVcm6pzq,ROM,fork,three horns stick,three horns stick,1
R_10pgnmiiVcm6pzq,ROM,glasses,view helper,view helper,1
R_10pgnmiiVcm6pzq,ROM,shovel,digging stick,digging stick,1
R_10pgnmiiVcm6pzq,ROM,toilet,place of meditation,place of meditation,1
R_10pgnmiiVcm6pzq,ROM,wallet,Money keeper,money keeper,1
R_10SNnrIIr95464F,ROM,balloon,FlyFlyGreen,fly fly green,1
R_10SNnrIIr95464F,ROM,couch,Perfect place to dream,perfect place to dream,1
R_10SNnrIIr95464F,ROM,glasses,NewEyesForYou,new eyes for you,1
R_10SNnrIIr95464F,ROM,shovel,HardWorkingOntheEarth,hard working on the earth,1
R_10SNnrIIr95464F,ROM,toilet,Perfect throne,perfect throne,1
R_120gcfESWxn5id4,ROM,balloon,colored ball who can fly,colored ball who can fly,1
R_120gcfESWxn5id4,ROM,box,depositor's things,depositors things,1
R_120gcfESWxn5id4,ROM,carrot,bunny's food,bunny's food,1
R_120gcfESWxn5id4,ROM,couch,relaxing place,relaxing place,1
R_120gcfESWxn5id4,ROM,fork,rake for eating,rake for eating,1
R_120gcfESWxn5id4,ROM,glasses,double eyes for you,double eyes for you,1
R_120gcfESWxn5id4,ROM,shovel,sword for gardening,sword for gardening,1
R_120gcfESWxn5id4,ROM,toilet,throne,throne,1
R_120gcfESWxn5id4,ROM,wallet,money keeper,money keeper,1
R_12PHG3gkHkotocr,ROM,balloon,Flying egg,flying egg,1
R_12PHG3gkHkotocr,ROM,box,Gift keeper,gift keeper,1
R_12PHG3gkHkotocr,ROM,carrot,Bunny trap,bunny trap,1
R_12PHG3gkHkotocr,ROM,couch,Lazy people's support,lazy people's support,1
R_12PHG3gkHkotocr,ROM,fork,Food grabber,food grabber,1
R_12PHG3gkHkotocr,ROM,glasses,People's windscreen,people's windscreen,1
R_12PHG3gkHkotocr,ROM,shovel,Treasure hunter,treasure hunter,1
R_12PHG3gkHkotocr,ROM,toilet,Throne,throne,1
R_12PHG3gkHkotocr,ROM,wallet,MVP - Most valuable product,most valuable product,1
R_1dt6zwmnKTBnS6K,ROM,balloon,Air-filled plastic,air filled plastic,1
R_1dt6zwmnKTBnS6K,ROM,box,Mysterious casing,mysterious casing,1
R_1dt6zwmnKTBnS6K,ROM,carrot,Rabbit's favorite,rabbit's favourite,1
R_1dt6zwmnKTBnS6K,ROM,couch,Family chair,family chair,1
R_1dt6zwmnKTBnS6K,ROM,fork,Food rake,food rake,1
R_1dt6zwmnKTBnS6K,ROM,glasses,Vision-enhancers,vision enhancers,1
R_1dt6zwmnKTBnS6K,ROM,shovel,Garden spoon,garden spoon,1
R_1dt6zwmnKTBnS6K,ROM,toilet,Primary needs-satisfier,primary needs satisfier,1
R_1dt6zwmnKTBnS6K,ROM,wallet,Keeper of important stuff,keeper of important stuff,1
R_1GHU5E2fekhcDN4,ROM,balloon,air catcher,air catcher,1
R_1GHU5E2fekhcDN4,ROM,box,misters hiding,misters hiding,1
R_1GHU5E2fekhcDN4,ROM,carrot,healthy food,healthy food,1
R_1GHU5E2fekhcDN4,ROM,couch,relaxing machine,relaxing machine,1
R_1GHU5E2fekhcDN4,ROM,fork,eating help,eating help,1
R_1GHU5E2fekhcDN4,ROM,glasses,hq vision,hq vision,1
R_1GHU5E2fekhcDN4,ROM,shovel,fitness machine,fitness machine,1
R_1GHU5E2fekhcDN4,ROM,toilet,free yourself,free yourself,1
R_1GHU5E2fekhcDN4,ROM,wallet,money keeper,money keeper,1
R_1I3G0gBkzaJgdws,ROM,balloon,birthday party spirit,birthday party spirit,1
R_1I3G0gBkzaJgdws,ROM,box,deposit of things,deposit of things,1
R_1I3G0gBkzaJgdws,ROM,carrot,Rabbits favourite food,rabbits favourite food,1
R_1I3G0gBkzaJgdws,ROM,couch,in front of television,in front of television,1
R_1I3G0gBkzaJgdws,ROM,fork,eating utensil,eating utensil,1
R_1I3G0gBkzaJgdws,ROM,glasses,helper for eyes,helper for eyes,1
R_1I3G0gBkzaJgdws,ROM,shovel,spoon ground,spoon ground,1
R_1I3G0gBkzaJgdws,ROM,toilet,messy things collector,messy things collector,1
R_1IzOWeORMfl7924,ROM,balloon,round flying object,round flying object,1
R_1IzOWeORMfl7924,ROM,box,bin of things,bin of things,1
R_1IzOWeORMfl7924,ROM,carrot,healty fingers,healthy fingers,1
R_1IzOWeORMfl7924,ROM,couch,wide armchair,wide armchair,1
R_1IzOWeORMfl7924,ROM,fork,eating device,eating device,1
R_1IzOWeORMfl7924,ROM,glasses,visual helper,visual helper,1
R_1IzOWeORMfl7924,ROM,shovel,digging tool,digging tool,1
R_1IzOWeORMfl7924,ROM,toilet,Meditation throne,meditation throne,1
R_1IzOWeORMfl7924,ROM,wallet,money holder,money holder,1
R_1JCr4XV4dgUCb6r,ROM,balloon,air filled sphere,air filled sphere,1
R_1JCr4XV4dgUCb6r,ROM,box,carton container,carton container,1
R_1JCr4XV4dgUCb6r,ROM,carrot,orange vegetable,orange vegetable,1
R_1JCr4XV4dgUCb6r,ROM,couch,wider armchair,wider armchair,1
R_1JCr4XV4dgUCb6r,ROM,fork,eating stick,eating stick,1
R_1JCr4XV4dgUCb6r,ROM,glasses,seeing clear device,seeing clear device,1
R_1JCr4XV4dgUCb6r,ROM,shovel,earth remover,earth remover,1
R_1JCr4XV4dgUCb6r,ROM,toilet,shit disposal,shit disposal,1
R_1JCr4XV4dgUCb6r,ROM,wallet,money keeper,money keeper,1
R_1LIOztCHsmEKJAn,ROM,balloon,Clown gun,clown gun,1
R_1LIOztCHsmEKJAn,ROM,box,Stuff holder,stuff holder,1
R_1LIOztCHsmEKJAn,ROM,carrot,Bunny's pizza,bunny's pizza,1
R_1LIOztCHsmEKJAn,ROM,couch,Relax giver,relax giver,1
R_1LIOztCHsmEKJAn,ROM,fork,Food enemy,food enemy,1
R_1LIOztCHsmEKJAn,ROM,glasses,View improver,view improver,1
R_1LIOztCHsmEKJAn,ROM,shovel,Hole generator,hole generator,1
R_1LIOztCHsmEKJAn,ROM,toilet,Little kid's enemy,little kid's enemy,1
R_1LIOztCHsmEKJAn,ROM,wallet,Money holder,money holder,1
R_1LOnAf7Z5lou6V8,ROM,balloon,floating oval,floating oval,1
R_1LOnAf7Z5lou6V8,ROM,box,cartoon square,cartoon square,1
R_1LOnAf7Z5lou6V8,ROM,carrot,sharp vegetable,sharp vegetable,1
R_1LOnAf7Z5lou6V8,ROM,couch,guests receiver,guests receiver,1
R_1LOnAf7Z5lou6V8,ROM,fork,eating thing,eating thing,1
R_1LOnAf7Z5lou6V8,ROM,glasses,good sight invention,good sight invention,1
R_1LOnAf7Z5lou6V8,ROM,shovel,the dig-a-hole,the dig a hole,1
R_1LOnAf7Z5lou6V8,ROM,toilet,Number two device,number two device,1
R_1LOnAf7Z5lou6V8,ROM,wallet,money holder,money holder,1
R_1NgqBk7vyCIVkKa,ROM,balloon,best toy,best toy,1
R_1NgqBk7vyCIVkKa,ROM,box,protects everything,protects everything,1
R_1NgqBk7vyCIVkKa,ROM,carrot,rabbit food,rabbit food,1
R_1NgqBk7vyCIVkKa,ROM,couch,place to relax,place to relax,1
R_1NgqBk7vyCIVkKa,ROM,fork,food lifter,food lifter,1
R_1NgqBk7vyCIVkKa,ROM,glasses,new eyes,new eyes,1
R_1NgqBk7vyCIVkKa,ROM,shovel,grave maker,grave maker,1
R_1NgqBk7vyCIVkKa,ROM,toilet,shit place,shit place,1
R_1NgqBk7vyCIVkKa,ROM,wallet,money keeper,money keeper,1
R_1pK9iAu1tVS7JaW,ROM,balloon,Air holder,air holder,1
R_1pK9iAu1tVS7JaW,ROM,box,Carton bag,carton bag,1
R_1pK9iAu1tVS7JaW,ROM,carrot,Bunnies' snack,bunnies' snack,1
R_1pK9iAu1tVS7JaW,ROM,couch,Not-so-private bad,not so private bad,1
R_1pK9iAu1tVS7JaW,ROM,fork,Spoon with spikes,spoon with spikes,1
R_1pK9iAu1tVS7JaW,ROM,glasses,Sight improver,sight improver,1
R_1pK9iAu1tVS7JaW,ROM,shovel,Hole digger,hole digger,1
R_1pK9iAu1tVS7JaW,ROM,toilet,Bathroom chair,bathroom chair,1
R_1pK9iAu1tVS7JaW,ROM,wallet,Portable pocket,portable pocket,1
R_1q2GabLhJYjMn7s,ROM,balloon,air holder,air holder,1
R_1q2GabLhJYjMn7s,ROM,box,stuff sender,stuff sender,1
R_1q2GabLhJYjMn7s,ROM,carrot,rabbit's vegetable,rabbit's vegetable,1
R_1q2GabLhJYjMn7s,ROM,couch,body holder,body holder,1
R_1q2GabLhJYjMn7s,ROM,fork,food eater,food eater,1
R_1q2GabLhJYjMn7s,ROM,glasses,fog remover,fog remover,1
R_1q2GabLhJYjMn7s,ROM,shovel,hole digger,hole digger,1
R_1q2GabLhJYjMn7s,ROM,toilet,poop disposal,poop disposal,1
R_1q2GabLhJYjMn7s,ROM,wallet,money eater,money eater,1
R_1QbZTdoygdazU4Q,ROM,balloon,air keeper,air keeper,1
R_1QbZTdoygdazU4Q,ROM,box,cardboard cube,cardboard cube,1
R_1QbZTdoygdazU4Q,ROM,carrot,snowman's nose,snowman's nose,1
R_1QbZTdoygdazU4Q,ROM,couch,post fight/dispute men's bed,post fight dispute men's bed,1
R_1QbZTdoygdazU4Q,ROM,fork,meal mini-harpoon,meal mini harpoon,1
R_1QbZTdoygdazU4Q,ROM,glasses,eyefixer,eye fixer,1
R_1QbZTdoygdazU4Q,ROM,shovel,long hand digger,long hand digger,1
R_1QbZTdoygdazU4Q,ROM,toilet,adult potty,adult potty,1
R_1QbZTdoygdazU4Q,ROM,wallet,leather holder for money and cards,leather holder for money and cards,1
R_21Asphe9KYhA8m4,ROM,balloon,Air capsule,air capsule,1
R_21Asphe9KYhA8m4,ROM,box,Wrapper for objects,wrapper for objects,1
R_21Asphe9KYhA8m4,ROM,carrot,Bugs Bunny's favourite food,bugs bunny's favourite food,1
R_21Asphe9KYhA8m4,ROM,couch,Bed-chair,bed chair,1
R_21Asphe9KYhA8m4,ROM,fork,Food stabber,food stabber,1
R_21Asphe9KYhA8m4,ROM,glasses,Sight amplifier,sight amplifier,1
R_21Asphe9KYhA8m4,ROM,shovel,Hole digger,hole digger,1
R_21Asphe9KYhA8m4,ROM,toilet,Human waste collector,human waste collector,1
R_21Asphe9KYhA8m4,ROM,wallet,Money keeper,money keeper,1
R_29n7MH7kxXPfWvM,ROM,fork,most helpful object for eating,most helpful object for eating,1
R_29n7MH7kxXPfWvM,ROM,wallet,carrying money,carrying money,1
R_2AFs16DtZugOQRB,ROM,balloon,dry condom,dry condom,1
R_2AFs16DtZugOQRB,ROM,box,square holder,square holder,1
R_2AFs16DtZugOQRB,ROM,carrot,rabbit food,rabbit food,1
R_2AFs16DtZugOQRB,ROM,couch,Bed with a face,bed with a face,1
R_2AFs16DtZugOQRB,ROM,fork,pointy spoon,pointy spoon,1
R_2AFs16DtZugOQRB,ROM,glasses,vision fixer,vision fixer,1
R_2AFs16DtZugOQRB,ROM,shovel,earthshaker,earth shaker,1
R_2AFs16DtZugOQRB,ROM,toilet,pooper,pooper,1
R_2AFs16DtZugOQRB,ROM,wallet,leather target,leather target,1
R_2afTOQgvl21yqWG,ROM,balloon,voice changer,voice changer,1
R_2afTOQgvl21yqWG,ROM,box,cosmetics for my ex,cosmetics for my ex,1
R_2afTOQgvl21yqWG,ROM,carrot,my childhood sword,my childhood sword,1
R_2afTOQgvl21yqWG,ROM,couch,throne of the lazy king,throne of the lazy king,1
R_2afTOQgvl21yqWG,ROM,fork,burgers killer,burgers killer,1
R_2afTOQgvl21yqWG,ROM,glasses,Intelligence changer,intelligence changer,1
R_2afTOQgvl21yqWG,ROM,shovel,tuned Harry Potter's broom,tuned harry potter's broom,1
R_2afTOQgvl21yqWG,ROM,toilet,always unsatisfied consumer,always unsatisfied consumer,1
R_2afTOQgvl21yqWG,ROM,wallet,eternally thin trouble maker,eternally thin trouble maker,1
R_2PANqei9oVX7poC,ROM,balloon,flying ball,flying ball,1
R_2PANqei9oVX7poC,ROM,box,prison for objects,prison for objects,1
R_2PANqei9oVX7poC,ROM,carrot,rabbit's drug,rabbit's drug,1
R_2PANqei9oVX7poC,ROM,couch,the holy place,the holy place,1
R_2PANqei9oVX7poC,ROM,fork,A smaller trident,a smaller trident,1
R_2PANqei9oVX7poC,ROM,glasses,four eyes,four eyes,1
R_2PANqei9oVX7poC,ROM,shovel,Digger of hand,digger of hand,1
R_2PANqei9oVX7poC,ROM,toilet,Human jobs cleaner,human jobs cleaner,1
R_2PANqei9oVX7poC,ROM,wallet,House for money,house for money,1
R_2R7zTpOYgmfg4XE,ROM,balloon,Floating room,floating room,1
R_2R7zTpOYgmfg4XE,ROM,box,The carry object,the carry object,1
R_2R7zTpOYgmfg4XE,ROM,carrot,Rabbit's dinner,rabbit's dinner,1
R_2R7zTpOYgmfg4XE,ROM,couch,Royal chair,royal chair,1
R_2R7zTpOYgmfg4XE,ROM,fork,The sting tool,the sting tool,1
R_2R7zTpOYgmfg4XE,ROM,glasses,Sun solider,sun solider,1
R_2R7zTpOYgmfg4XE,ROM,shovel,Digging tool,digging tool,1
R_2R7zTpOYgmfg4XE,ROM,toilet,King's throne,king's throne,1
R_2R7zTpOYgmfg4XE,ROM,wallet,Money keeper,money keeper,1
R_2rbTtBMuhT8uv3H,ROM,balloon,toy air,toy air,1
R_2rbTtBMuhT8uv3H,ROM,box,parcels jacket,parcels jacket,1
R_2rbTtBMuhT8uv3H,ROM,carrot,food for rabbits,food for rabbits,1
R_2rbTtBMuhT8uv3H,ROM,couch,sheltered,sheltered,1
R_2rbTtBMuhT8uv3H,ROM,fork,sword for food,sword for food,1
R_2rbTtBMuhT8uv3H,ROM,glasses,horn plate for eye,horn plate for eye,1
R_2rbTtBMuhT8uv3H,ROM,shovel,help treasures,help treasures,1
R_2rbTtBMuhT8uv3H,ROM,toilet,place for meditation,place for meditation,1
R_2rbTtBMuhT8uv3H,ROM,wallet,money shirt,money shirt,1
R_2rPjTBkn0Hp8r5o,ROM,balloon,flying toy,flying toy,1
R_2rPjTBkn0Hp8r5o,ROM,box,object protector,object protector,1
R_2rPjTBkn0Hp8r5o,ROM,carrot,rabbit food,rabbit food,1
R_2rPjTBkn0Hp8r5o,ROM,couch,tv seat,tv seat,1
R_2rPjTBkn0Hp8r5o,ROM,fork,spoon for spaghetti,spoon for spaghetti,1
R_2rPjTBkn0Hp8r5o,ROM,glasses,sight improver,sight improver,1
R_2rPjTBkn0Hp8r5o,ROM,shovel,earth remover,earth remover,1
R_2rPjTBkn0Hp8r5o,ROM,toilet,poo place,poo place,1
R_2rPjTBkn0Hp8r5o,ROM,wallet,money holder,money holder,1
R_2rTnnJbSQrq4V8C,ROM,balloon,Party center,party center,1
R_2rTnnJbSQrq4V8C,ROM,box,Useless things collector,useless things collector,1
R_2rTnnJbSQrq4V8C,ROM,carrot,Cookie for rabbits,cookie for rabbits,1
R_2rTnnJbSQrq4V8C,ROM,couch,People shelf,people shelf,1
R_2rTnnJbSQrq4V8C,ROM,fork,Eating assistant,eating assistant,1
R_2rTnnJbSQrq4V8C,ROM,glasses,Video software,video software,1
R_2rTnnJbSQrq4V8C,ROM,shovel,Garden doctor,garden doctor,1
R_2rTnnJbSQrq4V8C,ROM,toilet,People throne,people throne,1
R_2rTnnJbSQrq4V8C,ROM,wallet,Money bag,money bag,1
R_2TNVbJrsOE9GkSD,ROM,balloon,air bottle,air bottle,1
R_2TNVbJrsOE9GkSD,ROM,box,item keeper,item keeper,1
R_2TNVbJrsOE9GkSD,ROM,carrot,earth bananas,earth bananas,1
R_2TNVbJrsOE9GkSD,ROM,couch,multifunctional bed,multifunctional bed,1
R_2TNVbJrsOE9GkSD,ROM,fork,eating trident,eating trident,1
R_2TNVbJrsOE9GkSD,ROM,glasses,clarifying system,clarifying system,1
R_2TNVbJrsOE9GkSD,ROM,shovel,soil relocator,soil relocator,1
R_2TNVbJrsOE9GkSD,ROM,toilet,meditation place,meditation place,1
R_2TNVbJrsOE9GkSD,ROM,wallet,happiness dispenser,happiness dispenser,1
R_2wRD1VxCh8VwKtg,ROM,balloon,Floating gum,floating gum,1
R_2wRD1VxCh8VwKtg,ROM,box,Object container,object container,1
R_2wRD1VxCh8VwKtg,ROM,carrot,Rabbit's orange food,rabbit's orange food,1
R_2wRD1VxCh8VwKtg,ROM,couch,Living room bed,living room bed,1
R_2wRD1VxCh8VwKtg,ROM,fork,Spaghetti's eating tool,spaghetti's eating tool,1
R_2wRD1VxCh8VwKtg,ROM,glasses,Sight sharpener,sight sharpener,1
R_2wRD1VxCh8VwKtg,ROM,shovel,Dig a hole,dig a hole,1
R_2wRD1VxCh8VwKtg,ROM,toilet,The throne of all men,the throne of all men,1
R_2wRD1VxCh8VwKtg,ROM,wallet,Money keeper,money keeper,1
R_2WuxcNXUuriQ16i,ROM,balloon,flying bomb,flying bomb,1
R_2WuxcNXUuriQ16i,ROM,box,Stuff keeper,stuff keeper,1
R_2WuxcNXUuriQ16i,ROM,carrot,Rabit's food,rabbit's food,1
R_2WuxcNXUuriQ16i,ROM,couch,relaxing place,relaxing place,1
R_2WuxcNXUuriQ16i,ROM,fork,three horned stick,three horned stick,1
R_2WuxcNXUuriQ16i,ROM,glasses,views helper,views helper,1
R_2WuxcNXUuriQ16i,ROM,shovel,digging stick,digging stick,1
R_2WuxcNXUuriQ16i,ROM,toilet,place of rest,place of rest,1
R_2WuxcNXUuriQ16i,ROM,wallet,money eater,money eater,1
R_2y1k3J9BSF2mlQn,ROM,balloon,air ball,air ball,1
R_2y1k3J9BSF2mlQn,ROM,box,xbox's grandfather,xbox's grandfather,1
R_2y1k3J9BSF2mlQn,ROM,carrot,snowman nose,snowman nose,1
R_2y1k3J9BSF2mlQn,ROM,couch,guests place,guests place,1
R_2y1k3J9BSF2mlQn,ROM,fork,eating tool,eating tool,1
R_2y1k3J9BSF2mlQn,ROM,glasses,adittional eyes,additional eyes,1
R_2y1k3J9BSF2mlQn,ROM,shovel,soil remover,soil remover,1
R_2y1k3J9BSF2mlQn,ROM,toilet,urine repository,urine repository,1
R_2y1k3J9BSF2mlQn,ROM,wallet,money's home,money's home,1
R_2yfsY4cG9mj90ks,ROM,balloon,bag of air,bag of air,1
R_2yfsY4cG9mj90ks,ROM,box,cat's favorite place,cats favourite place,1
R_2yfsY4cG9mj90ks,ROM,carrot,rabbit's food,rabbit's food,1
R_2yfsY4cG9mj90ks,ROM,couch,place to sit and watch TV,place to sit and watch tv,1
R_2yfsY4cG9mj90ks,ROM,fork,steak holder,steak holder,1
R_2yfsY4cG9mj90ks,ROM,glasses,sun protection for eyes,sun protection for eyes,1
R_2yfsY4cG9mj90ks,ROM,wallet,portable money storage,portable money storage,1
R_2ZWktABN4388mHg,ROM,balloon,Air trap,air trap,1
R_2ZWktABN4388mHg,ROM,box,Shipping armor,shipping armor,1
R_2ZWktABN4388mHg,ROM,carrot,Rabbit bait,rabbit bait,1
R_2ZWktABN4388mHg,ROM,couch,Long armchair,long armchair,1
R_2ZWktABN4388mHg,ROM,fork,Food stabber,food stabber,1
R_2ZWktABN4388mHg,ROM,glasses,Vision enhancer,vision enhancer,1
R_2ZWktABN4388mHg,ROM,shovel,Hole digger,hole digger,1
R_2ZWktABN4388mHg,ROM,toilet,Grown-up potty,grown up potty,1
R_2ZWktABN4388mHg,ROM,wallet,Money house,money house,1
R_30rcJPnSL5O2Ahr,ROM,balloon,flying birthday ball,flying birthday ball,1
R_30rcJPnSL5O2Ahr,ROM,box,storage place,storage place,1
R_30rcJPnSL5O2Ahr,ROM,carrot,rabbit controlling magical wand,rabbit controlling magical wand,1
R_30rcJPnSL5O2Ahr,ROM,couch,living room bed,living room bed,1
R_30rcJPnSL5O2Ahr,ROM,fork,food poking object,food poking object,1
R_30rcJPnSL5O2Ahr,ROM,glasses,sight clarifier,sight clarifier,1
R_30rcJPnSL5O2Ahr,ROM,shovel,potato digger,potato digger,1
R_30rcJPnSL5O2Ahr,ROM,toilet,fecal storage box,fecal storage box,1
R_30rcJPnSL5O2Ahr,ROM,wallet,money holder,money holder,1
R_31vMsbTVXwuNvC3,ROM,balloon,rubber bag,rubber bag,1
R_31vMsbTVXwuNvC3,ROM,box,cardboard container,cardboard container,1
R_31vMsbTVXwuNvC3,ROM,carrot,Bugs Bunny's favorite meal,bugs bunny's favourite meal,1
R_31vMsbTVXwuNvC3,ROM,couch,sleeping place,sleeping place,1
R_31vMsbTVXwuNvC3,ROM,fork,food grabber,food grabber,1
R_31vMsbTVXwuNvC3,ROM,glasses,eyesight corrector,eyesight corrector,1
R_31vMsbTVXwuNvC3,ROM,shovel,digging tool,digging tool,1
R_31vMsbTVXwuNvC3,ROM,toilet,human waste collector,human waste collector,1
R_31vMsbTVXwuNvC3,ROM,wallet,money holder,money holder,1
R_333z0biGw8bINPv,ROM,balloon,plastic air container,plastic air container,1
R_333z0biGw8bINPv,ROM,box,storage basic unit out of carbord,storage basic unit out of carboard,1
R_333z0biGw8bINPv,ROM,carrot,orange vegetable cone-shaped,orange vegetable cone shaped,1
R_333z0biGw8bINPv,ROM,couch,"long,comfortable resting place with pillows for back",long comfortable resting place with pillows for back,1
R_333z0biGw8bINPv,ROM,fork,eating tool with teeth,eating tool with teeth,1
R_333z0biGw8bINPv,ROM,glasses,vision correcter,vision corrector,1
R_333z0biGw8bINPv,ROM,shovel,grave digging tool,grave digging tool,1
R_333z0biGw8bINPv,ROM,toilet,physological needs dumper and flusher,physiological needs dumper and flusher,1
R_333z0biGw8bINPv,ROM,wallet,money holder,money holder,1
R_3frvWVDnRSeS5Fx,ROM,balloon,greeny flyer,greeny flyer,1
R_3frvWVDnRSeS5Fx,ROM,box,wrapper,wrapper,1
R_3frvWVDnRSeS5Fx,ROM,carrot,orange veggies,orange veggies,1
R_3frvWVDnRSeS5Fx,ROM,couch,seat for movies,seat for movies,1
R_3frvWVDnRSeS5Fx,ROM,fork,food carrier,food carrier,1
R_3frvWVDnRSeS5Fx,ROM,glasses,sight improver,sight improver,1
R_3frvWVDnRSeS5Fx,ROM,shovel,metal on a stick,metal on a stick,1
R_3frvWVDnRSeS5Fx,ROM,wallet,money holder,money holder,1
R_3g1QRr7w0FNRjxs,ROM,balloon,green bald head,green bald head,1
R_3g1QRr7w0FNRjxs,ROM,box,storage device made of cardboard,storage device made of cardboard,1
R_3g1QRr7w0FNRjxs,ROM,carrot,rabbit fuel,rabbit fuel,1
R_3g1QRr7w0FNRjxs,ROM,couch,comfortable piece of furniture,comfortable piece of furniture,1
R_3g1QRr7w0FNRjxs,ROM,fork,4 teeth smile,4 teeth smile,1
R_3g1QRr7w0FNRjxs,ROM,glasses,zoom device,zoom device,1
R_3g1QRr7w0FNRjxs,ROM,shovel,grave digger,grave digger,1
R_3g1QRr7w0FNRjxs,ROM,toilet,thirsty white guy,thirsty white guy,1
R_3g1QRr7w0FNRjxs,ROM,wallet,air holder,air holder,1
R_3iVcDLCqna8lfYm,ROM,balloon,light ball that sometimes floats,light ball that sometimes floats,1
R_3iVcDLCqna8lfYm,ROM,box,wrapping equipment,wrapping equipment,1
R_3iVcDLCqna8lfYm,ROM,carrot,rabbit food,rabbit food,1
R_3iVcDLCqna8lfYm,ROM,couch,soft place to sit,soft place to sit,1
R_3iVcDLCqna8lfYm,ROM,fork,eating device,eating device,1
R_3iVcDLCqna8lfYm,ROM,glasses,seeing tools,seeing tools,1
R_3iVcDLCqna8lfYm,ROM,shovel,digging device,digging device,1
R_3iVcDLCqna8lfYm,ROM,toilet,biological waste disposal,biological waste disposal,1
R_3iVcDLCqna8lfYm,ROM,wallet,money holder,money holder,1
R_3JblukgVe45a1Q6,ROM,balloon,Flying helium.,flying helium,1
R_3JblukgVe45a1Q6,ROM,box,Place to put objects in.,place to put objects in,1
R_3JblukgVe45a1Q6,ROM,carrot,Bugs Bunny's favorite food.,bugs bunny's favourite food,1
R_3JblukgVe45a1Q6,ROM,couch,Perfect place for a nap.,perfect place for a nap,1
R_3JblukgVe45a1Q6,ROM,fork,Satan's weapon,satan's weapon,1
R_3JblukgVe45a1Q6,ROM,glasses,HD vision,hd vision,1
R_3JblukgVe45a1Q6,ROM,shovel,Grave digger.,grave digger,1
R_3JblukgVe45a1Q6,ROM,toilet,Relieve helper.,relieve helper,1
R_3JblukgVe45a1Q6,ROM,wallet,Money holder.,money holder,1
R_3kbujuLEsmj9nLY,ROM,balloon,fragile air ball,fragile air ball,1
R_3kbujuLEsmj9nLY,ROM,box,object container,object container,1
R_3kbujuLEsmj9nLY,ROM,carrot,sharp vegetable knife,sharp vegetable knife,1
R_3kbujuLEsmj9nLY,ROM,couch,fluffy large indoors bench,fluffy large indoors bench,1
R_3kbujuLEsmj9nLY,ROM,fork,pointy spoon,pointy spoon,1
R_3kbujuLEsmj9nLY,ROM,glasses,eye windows,eye windows,1
R_3kbujuLEsmj9nLY,ROM,shovel,earth spoon,earth spoon,1
R_3kbujuLEsmj9nLY,ROM,toilet,bathroom chair,bathroom chair,1
R_3kbujuLEsmj9nLY,ROM,wallet,cash bag,cash bag,1
R_3KGML1o50Q8qRnX,ROM,balloon,air-filled rubber,air filled rubber,1
R_3KGML1o50Q8qRnX,ROM,box,paper case,paper case,1
R_3KGML1o50Q8qRnX,ROM,carrot,rabbit's food,rabbit's food,1
R_3KGML1o50Q8qRnX,ROM,couch,large confortable chair,large comfortable chair,1
R_3KGML1o50Q8qRnX,ROM,fork,steak eating tool,steak eating tool,1
R_3KGML1o50Q8qRnX,ROM,glasses,second pair of eyes,second pair of eyes,1
R_3KGML1o50Q8qRnX,ROM,shovel,digging tool,digging tool,1
R_3KGML1o50Q8qRnX,ROM,toilet,indispensable throne,indispensable throne,1
R_3KGML1o50Q8qRnX,ROM,wallet,money holder,money holder,1
R_3MhWI0ZrB9DaPLr,ROM,balloon,green rubber filled with air,green rubber filled with air,1
R_3MhWI0ZrB9DaPLr,ROM,carrot,Underground orange,underground orange,1
R_3MhWI0ZrB9DaPLr,ROM,couch,Life wasting confy chair,life wasting comfy chair,1
R_3MhWI0ZrB9DaPLr,ROM,wallet,Money keeper,money keeper,1
R_3n2RgXfDBMlozJK,ROM,balloon,kids' flying-friend,kids flying friend,1
R_3n2RgXfDBMlozJK,ROM,box,stuff deposit,stuff deposit,1
R_3n2RgXfDBMlozJK,ROM,carrot,rabbit's dinner,rabbit's dinner,1
R_3n2RgXfDBMlozJK,ROM,couch,enormous chair,enormous chair,1
R_3n2RgXfDBMlozJK,ROM,fork,eating comb,eating comb,1
R_3n2RgXfDBMlozJK,ROM,glasses,blindness remover,blindness remover,1
R_3n2RgXfDBMlozJK,ROM,shovel,pool maker,pool maker,1
R_3n2RgXfDBMlozJK,ROM,toilet,pooping chair,pooping chair,1
R_3n2RgXfDBMlozJK,ROM,wallet,money mini-deposit,money mini deposit,1
R_3ndsSvZVbTrCLMU,ROM,balloon,gas filled globe,gas filled globe,1
R_3ndsSvZVbTrCLMU,ROM,box,brown cube,brown cube,1
R_3ndsSvZVbTrCLMU,ROM,couch,a bed with arms and back,a bed with arms and back,1
R_3ndsSvZVbTrCLMU,ROM,fork,a spoon with spikes,a spoon with spikes,1
R_3ndsSvZVbTrCLMU,ROM,glasses,four-eyed stove,four eyed stove,1
R_3ndsSvZVbTrCLMU,ROM,shovel,digging object,digging object,1
R_3ndsSvZVbTrCLMU,ROM,toilet,poop bin,poop bin,1
R_3ndsSvZVbTrCLMU,ROM,wallet,money keeper,money keeper,1
R_3NwgkPIqiM0XAy9,ROM,balloon,floating circle,floating circle,1
R_3NwgkPIqiM0XAy9,ROM,box,useless piece of cardboard,useless piece of cardboard,1
R_3NwgkPIqiM0XAy9,ROM,carrot,Bugs Bunny's ally,bugs bunny's ally,1
R_3NwgkPIqiM0XAy9,ROM,fork,extension hand for food,extension hand for food,1
R_3NwgkPIqiM0XAy9,ROM,glasses,blind man's weapon,blind man's weapon,1
R_3NwgkPIqiM0XAy9,ROM,shovel,bury the secrets,bury the secrets,1
R_3NwgkPIqiM0XAy9,ROM,wallet,happiness bringer,happiness bringer,1
R_3OfFoF9ypKE1b1a,ROM,balloon,Breath container,breath container,1
R_3OfFoF9ypKE1b1a,ROM,box,Cat territory,cat territory,1
R_3OfFoF9ypKE1b1a,ROM,carrot,Bunny food,bunny food,1
R_3OfFoF9ypKE1b1a,ROM,couch,Waiting room bed,waiting room bed,1
R_3OfFoF9ypKE1b1a,ROM,fork,Spoon with fingers,spoon with fingers,1
R_3OfFoF9ypKE1b1a,ROM,glasses,Nerd accessory,nerd accessory,1
R_3OfFoF9ypKE1b1a,ROM,shovel,Earth scratcher,earth scratcher,1
R_3OfFoF9ypKE1b1a,ROM,toilet,Dirty mouth,dirty mouth,1
R_3OfFoF9ypKE1b1a,ROM,wallet,Money clothing,money clothing,1
R_3PaGoEEPIiphMdK,ROM,balloon,rubber flying ball,rubber flying ball,1
R_3PaGoEEPIiphMdK,ROM,box,holding object cube,holding object cube,1
R_3PaGoEEPIiphMdK,ROM,carrot,olaf nose,olaf nose,1
R_3PaGoEEPIiphMdK,ROM,couch,90 degree bed for living room,90 degree bed for living room,1
R_3PaGoEEPIiphMdK,ROM,fork,fried potatoes grabber,fried potatoes grabber,1
R_3PaGoEEPIiphMdK,ROM,glasses,eye fog removal,eye fog removal,1
R_3PaGoEEPIiphMdK,ROM,shovel,hole maker tool for garden,hole maker tool for garden,1
R_3PaGoEEPIiphMdK,ROM,toilet,the king chair,the king chair,1
R_3PaGoEEPIiphMdK,ROM,wallet,money holder tool,money holder tool,1
R_3qHW9aaQmTCev4C,ROM,balloon,Gas shelter,gas shelter,1
R_3qHW9aaQmTCev4C,ROM,box,Virtually-anything-transporter,virtually anything transporter,1
R_3qHW9aaQmTCev4C,ROM,carrot,Bunny treats,bunny treats,1
R_3qHW9aaQmTCev4C,ROM,couch,Remote devourer,remote devourer,1
R_3qHW9aaQmTCev4C,ROM,fork,Non-liquid food grabber,non liquid food grabber,1
R_3qHW9aaQmTCev4C,ROM,glasses,Sun stopper,sun stopper,1
R_3qHW9aaQmTCev4C,ROM,shovel,Graveyard generator,graveyard generator,1
R_3qHW9aaQmTCev4C,ROM,toilet,Poop receiver,poop receiver,1
R_3qHW9aaQmTCev4C,ROM,wallet,Portable money vault,portable money vault,1
R_3QSHrOaZUcr5Nzy,ROM,balloon,identified flying object,identified flying object,1
R_3QSHrOaZUcr5Nzy,ROM,box,tool for packing anything,tool for packing anything,1
R_3QSHrOaZUcr5Nzy,ROM,carrot,orange rabbit snack,orange rabbit snack,1
R_3QSHrOaZUcr5Nzy,ROM,couch,napping place,napping place,1
R_3QSHrOaZUcr5Nzy,ROM,fork,"four teeth, one tail",four teeth one tail,1
R_3QSHrOaZUcr5Nzy,ROM,glasses,full HD helper,full hd helper,1
R_3QSHrOaZUcr5Nzy,ROM,shovel,ground researcher,ground researcher,1
R_3QSHrOaZUcr5Nzy,ROM,toilet,thinking place,thinking place,1
R_3QSHrOaZUcr5Nzy,ROM,wallet,money holder,money holder,1
R_3R9pEBpYMzCyGUY,ROM,balloon,flying circle,flying circle,1
R_3R9pEBpYMzCyGUY,ROM,box,staff keeper,staff keeper,1
R_3R9pEBpYMzCyGUY,ROM,carrot,orange potato,orange potato,1
R_3R9pEBpYMzCyGUY,ROM,couch,living room bed,living room bed,1
R_3R9pEBpYMzCyGUY,ROM,fork,split spoon,split spoon,1
R_3R9pEBpYMzCyGUY,ROM,glasses,eye guardian,eye guardian,1
R_3R9pEBpYMzCyGUY,ROM,shovel,dead digger,dead digger,1
R_3R9pEBpYMzCyGUY,ROM,toilet,food out,food out,1
R_3R9pEBpYMzCyGUY,ROM,wallet,money keeper,money keeper,1
R_3rTml1PpLBOfdNq,ROM,balloon,floating head,floating head,1
R_3rTml1PpLBOfdNq,ROM,box,childhood fort,childhood fort,1
R_3rTml1PpLBOfdNq,ROM,carrot,Rabbit food,rabbit food,1
R_3rTml1PpLBOfdNq,ROM,couch,living-room bed,living room bed,1
R_3rTml1PpLBOfdNq,ROM,fork,food grabber,food grabber,1
R_3rTml1PpLBOfdNq,ROM,glasses,vision providers,vision providers,1
R_3rTml1PpLBOfdNq,ROM,shovel,Dad's toy,dad's toy,1
R_3rTml1PpLBOfdNq,ROM,toilet,sitting and facebook place,sitting and facebook place,1
R_3rTml1PpLBOfdNq,ROM,wallet,money holder,money holder,1
R_3s4Hz1zy3FlY6bL,ROM,balloon,air head,air head,1
R_3s4Hz1zy3FlY6bL,ROM,box,present keeper,present keeper,1
R_3s4Hz1zy3FlY6bL,ROM,carrot,ground's orange,ground's orange,1
R_3s4Hz1zy3FlY6bL,ROM,couch,snuggle buddy,snuggle buddy,1
R_3s4Hz1zy3FlY6bL,ROM,fork,stingy,stingy,1
R_3s4Hz1zy3FlY6bL,ROM,glasses,eye opener,eye opener,1
R_3s4Hz1zy3FlY6bL,ROM,shovel,ground breaker,ground breaker,1
R_3s4Hz1zy3FlY6bL,ROM,toilet,relief throne,relief throne,1
R_3s4Hz1zy3FlY6bL,ROM,wallet,fortune keeper,fortune keeper,1
R_3sdbsZN8ilqgEiu,ROM,balloon,flying alien head,flying alien head,1
R_3sdbsZN8ilqgEiu,ROM,box,object holder,object holder,1
R_3sdbsZN8ilqgEiu,ROM,carrot,orange ostrich vegetable,orange ostrich vegetable,1
R_3sdbsZN8ilqgEiu,ROM,couch,TV seating place,tv seating place,1
R_3sdbsZN8ilqgEiu,ROM,fork,4-hand eating thing,4 hand eating thing,1
R_3sdbsZN8ilqgEiu,ROM,glasses,the anti-sun,the anti sun,1
R_3sdbsZN8ilqgEiu,ROM,shovel,sand remover,sand remover,1
R_3sdbsZN8ilqgEiu,ROM,toilet,the holy chair,the holy chair,1
R_3sdbsZN8ilqgEiu,ROM,wallet,money keeper,money keeper,1
R_3stTOk0Mle8rNAz,ROM,balloon,floating inflated rubber,floating inflated rubber,1
R_3stTOk0Mle8rNAz,ROM,box,object shelter,object shelter,1
R_3stTOk0Mle8rNAz,ROM,carrot,bunny food,bunny food,1
R_3stTOk0Mle8rNAz,ROM,couch,guest bed,guest bed,1
R_3stTOk0Mle8rNAz,ROM,fork,food stabber,food stabber,1
R_3stTOk0Mle8rNAz,ROM,glasses,blind's eyes,blind's eyes,1
R_3stTOk0Mle8rNAz,ROM,shovel,digger,digger,1
R_3stTOk0Mle8rNAz,ROM,wallet,money keeper,money keeper,1
R_5gAi2x8bTllH0vT,ROM,balloon,rubber air container,rubber air container,1
R_5gAi2x8bTllH0vT,ROM,box,cardboard hideout,cardboard hideout,1
R_5gAi2x8bTllH0vT,ROM,carrot,bunny food,bunny food,1
R_5gAi2x8bTllH0vT,ROM,couch,living room bed,living room bed,1
R_5gAi2x8bTllH0vT,ROM,fork,spaghetti eating tool,spaghetti eating tool,1
R_5gAi2x8bTllH0vT,ROM,glasses,sight helper,sight helper,1
R_5gAi2x8bTllH0vT,ROM,shovel,ground remover,ground remover,1
R_5gAi2x8bTllH0vT,ROM,wallet,money holder,money holder,1
R_5hjDHqIIZDtBqVj,ROM,balloon,Object with fear of needles,object with fear of needles,1
R_5hjDHqIIZDtBqVj,ROM,box,Protective cube,protective cube,1
R_5hjDHqIIZDtBqVj,ROM,carrot,Fat fingers,fat fingers,1
R_5hjDHqIIZDtBqVj,ROM,couch,I-want-to-watch-TV chair,I want to watch tv chair,1
R_5hjDHqIIZDtBqVj,ROM,fork,Food spear,food spear,1
R_5hjDHqIIZDtBqVj,ROM,glasses,X-ray Vision,xray vision,1
R_5hjDHqIIZDtBqVj,ROM,shovel,Iron on a stick,iron on a stick,1
R_5hjDHqIIZDtBqVj,ROM,toilet,White throne,white throne,1
R_5hjDHqIIZDtBqVj,ROM,wallet,Brown money holder,brown money holder,1
R_6i0KeT5asWlhjTH,ROM,balloon,colored air reservoir,colored air reservoir,1
R_6i0KeT5asWlhjTH,ROM,box,things holder,things holder,1
R_6i0KeT5asWlhjTH,ROM,carrot,orange cucumber,orange cucumber,1
R_6i0KeT5asWlhjTH,ROM,couch,larger comfy chair,larger comfy chair,1
R_6i0KeT5asWlhjTH,ROM,fork,spiky spoon,spiky spoon,1
R_6i0KeT5asWlhjTH,ROM,glasses,eye blur removers,eye blur removers,1
R_6i0KeT5asWlhjTH,ROM,shovel,ground holes creator,ground holes creator,1
R_6i0KeT5asWlhjTH,ROM,toilet,human waste disposer,human waste disposer,1
R_6i0KeT5asWlhjTH,ROM,wallet,stash-the-cash-er,stash the cash er,1
R_6yuC0Mgb90vxDoZ,ROM,balloon,floating air,floating air,1
R_6yuC0Mgb90vxDoZ,ROM,box,packaging tool,packaging tool,1
R_6yuC0Mgb90vxDoZ,ROM,carrot,orange sticks,orange sticks,1
R_6yuC0Mgb90vxDoZ,ROM,couch,comfy chair,comfy chair,1
R_6yuC0Mgb90vxDoZ,ROM,fork,trident,trident,1
R_6yuC0Mgb90vxDoZ,ROM,glasses,eye glass,eye glass,1
R_6yuC0Mgb90vxDoZ,ROM,shovel,spoon for digging dirt,spoon for digging dirt,1
R_6yuC0Mgb90vxDoZ,ROM,toilet,magic chair,magic chair,1
R_6yuC0Mgb90vxDoZ,ROM,wallet,money holder,money holder,1
R_ANWWtd7g5EbzpJL,ROM,balloon,air keeper,air keeper,1
R_ANWWtd7g5EbzpJL,ROM,box,empty square,empty square,1
R_ANWWtd7g5EbzpJL,ROM,carrot,orange banana,orange banana,1
R_ANWWtd7g5EbzpJL,ROM,couch,body support,body support,1
R_ANWWtd7g5EbzpJL,ROM,fork,metal hand,metal hand,1
R_ANWWtd7g5EbzpJL,ROM,glasses,sun protection,sun protection,1
R_ANWWtd7g5EbzpJL,ROM,shovel,soil mover,soil mover,1
R_ANWWtd7g5EbzpJL,ROM,toilet,human trash remover,human trash remover,1
R_ANWWtd7g5EbzpJL,ROM,wallet,money keeper,money keeper,1
R_Cl7mIC3SdwHjLy1,ROM,balloon,Air filled round toy,air filled round toy,1
R_Cl7mIC3SdwHjLy1,ROM,box,mini house,mini house,1
R_Cl7mIC3SdwHjLy1,ROM,carrot,Healthy stick from the ground,healthy stick from the ground,1
R_Cl7mIC3SdwHjLy1,ROM,couch,Sleepy's dream,sleepy's dream,1
R_Cl7mIC3SdwHjLy1,ROM,fork,Metal hand,metal hand,1
R_Cl7mIC3SdwHjLy1,ROM,glasses,eye - helper,eye helper,1
R_Cl7mIC3SdwHjLy1,ROM,shovel,multifunctional stick,multifunctional stick,1
R_Cl7mIC3SdwHjLy1,ROM,toilet,king's seat,king's seat,1
R_Cl7mIC3SdwHjLy1,ROM,wallet,Money keeper and spreader,money keeper and spreader,1
R_ex4JpketV4c1CA9,ROM,balloon,Green balls,green balls,1
R_ex4JpketV4c1CA9,ROM,box,Inside putter,inside putter,1
R_ex4JpketV4c1CA9,ROM,carrot,Break-some-teeth,break some teeth,1
R_ex4JpketV4c1CA9,ROM,fork,Triple H,triple h,1
R_ex4JpketV4c1CA9,ROM,glasses,Eye zoom,eye zoom,1
R_ex4JpketV4c1CA9,ROM,shovel,Big spoon,big spoon,1
R_ex4JpketV4c1CA9,ROM,toilet,Hungarian maternity,hungarian maternity,1
R_ex4JpketV4c1CA9,ROM,wallet,Gold digger bait,gold digger bait,1
R_OxUmFFVRBjvaQ25,ROM,balloon,air-holder,air holder,1
R_OxUmFFVRBjvaQ25,ROM,carrot,bunny-food,bunny food,1
R_OxUmFFVRBjvaQ25,ROM,couch,half-a-bed,half a bed,1
R_OxUmFFVRBjvaQ25,ROM,glasses,eye-helpers,eye helpers,1
R_OxUmFFVRBjvaQ25,ROM,shovel,digging-tool,digging tool,1
R_OxUmFFVRBjvaQ25,ROM,toilet,poo-chair,poo chair,1
R_OxUmFFVRBjvaQ25,ROM,wallet,money-holder,money holder,1
R_pGGCHcoPSqbfNYd,ROM,balloon,air-filled bag,air filled bag,1
R_pGGCHcoPSqbfNYd,ROM,box,random objects`s depository,random objects depository,1
R_pGGCHcoPSqbfNYd,ROM,carrot,snowman`s nose,snowman`s nose,1
R_pGGCHcoPSqbfNYd,ROM,couch,daybed,day bed,1
R_pGGCHcoPSqbfNYd,ROM,fork,food grabber,food grabber,1
R_pGGCHcoPSqbfNYd,ROM,glasses,blind people`s eyes,blind people`s eyes,1
R_pGGCHcoPSqbfNYd,ROM,shovel,gardner`s tool,gardener's tool,1
R_pGGCHcoPSqbfNYd,ROM,wallet,money keeper,money keeper,1
R_pmXUu4JnGnO4La9,ROM,balloon,inflated plastic bag,inflated plastic bag,1
R_pmXUu4JnGnO4La9,ROM,box,object protector,object protector,1
R_pmXUu4JnGnO4La9,ROM,carrot,eyesight improver,eyesight improver,1
R_pmXUu4JnGnO4La9,ROM,couch,silent TV watcher,silent tv watcher,1
R_pmXUu4JnGnO4La9,ROM,fork,food forklift,food forklift,1
R_pmXUu4JnGnO4La9,ROM,glasses,intellect improver,intellect improver,1
R_pmXUu4JnGnO4La9,ROM,shovel,treasure digger,treasure digger,1
R_pmXUu4JnGnO4La9,ROM,toilet,water flusher,water flusher,1
R_pmXUu4JnGnO4La9,ROM,wallet,important papers keeper,important papers keeper,1
R_QcXN9HWMLq7UdVv,ROM,balloon,fun air holder,fun air holder,1
R_QcXN9HWMLq7UdVv,ROM,box,cardboard cube,cardboard cube,1
R_QcXN9HWMLq7UdVv,ROM,carrot,bugs bunny's food,bugs bunny's food,1
R_QcXN9HWMLq7UdVv,ROM,couch,cosy sitting object,cosy sitting object,1
R_QcXN9HWMLq7UdVv,ROM,fork,eating trident,eating trident,1
R_QcXN9HWMLq7UdVv,ROM,glasses,vision helpers,vision helpers,1
R_QcXN9HWMLq7UdVv,ROM,shovel,hole maker,hole maker,1
R_QcXN9HWMLq7UdVv,ROM,toilet,human rejects container,human rejects container,1
R_QcXN9HWMLq7UdVv,ROM,wallet,money keeper,money keeper,1
R_Rf5eAN7jpo8IBIR,ROM,balloon,bag of air,bag of air,1
R_Rf5eAN7jpo8IBIR,ROM,box,cat playspace,cat play space,1
R_Rf5eAN7jpo8IBIR,ROM,carrot,orange vegetable good for the eyes,orange vegetable good for the eyes,1
R_Rf5eAN7jpo8IBIR,ROM,couch,bed for the guests,bed for the guests,1
R_Rf5eAN7jpo8IBIR,ROM,fork,food eating device,food eating device,1
R_Rf5eAN7jpo8IBIR,ROM,glasses,unblurrer device,unblurrer device,1
R_Rf5eAN7jpo8IBIR,ROM,shovel,digging device,digging device,1
R_Rf5eAN7jpo8IBIR,ROM,toilet,phone battery consumer,phone battery consumer,1
R_Rf5eAN7jpo8IBIR,ROM,wallet,money holder,money holder,1
R_STNDEXChw1eQTwl,ROM,balloon,Floating light bulb,floating light bulb,1
R_STNDEXChw1eQTwl,ROM,box,Hand carried pocket,hand carried pocket,1
R_STNDEXChw1eQTwl,ROM,carrot,Rabbit Snickers,rabbit snickers,1
R_STNDEXChw1eQTwl,ROM,couch,Sleeping armchair,sleeping armchair,1
R_STNDEXChw1eQTwl,ROM,fork,Mini trident,mini trident,1
R_STNDEXChw1eQTwl,ROM,glasses,Visual fog removal,visual fog removal,1
R_STNDEXChw1eQTwl,ROM,shovel,The Earthinator,the earthinator,1
R_STNDEXChw1eQTwl,ROM,toilet,The Granite Throne,the granite throne,1
R_STNDEXChw1eQTwl,ROM,wallet,Money dispensary,money dispensary,1
R_sXYvHkKQ9QpseUp,ROM,balloon,rubber bubble,rubber bubble,1
R_sXYvHkKQ9QpseUp,ROM,box,Snake's hideout,snake hideout,1
R_sXYvHkKQ9QpseUp,ROM,couch,wide chair,wide chair,1
R_sXYvHkKQ9QpseUp,ROM,fork,spikey spoon,spikey spoon,1
R_sXYvHkKQ9QpseUp,ROM,glasses,sight enhancers,sight enhancers,1
R_sXYvHkKQ9QpseUp,ROM,shovel,grave digger,grave digger,1
R_sXYvHkKQ9QpseUp,ROM,toilet,the white throne,the white throne,1
R_sXYvHkKQ9QpseUp,ROM,wallet,wearable piggy-bank,wearable piggy bank,1
R_voDBXuWzv0qu6KB,ROM,balloon,air ball,air ball,1
R_voDBXuWzv0qu6KB,ROM,box,Stuff storer,stuff storer,1
R_voDBXuWzv0qu6KB,ROM,carrot,vitamins provider,vitamins provider,1
R_voDBXuWzv0qu6KB,ROM,couch,fatigue remover,fatigue remover,1
R_voDBXuWzv0qu6KB,ROM,fork,eat tool,eat tool,1
R_voDBXuWzv0qu6KB,ROM,glasses,accessory with lens,accessory with lens,1
R_voDBXuWzv0qu6KB,ROM,shovel,pit maker,pit maker,1
R_voDBXuWzv0qu6KB,ROM,toilet,throne,throne,1
R_voDBXuWzv0qu6KB,ROM,wallet,money carrier,money carrier,1
R_vrdtJFUbfRAzCox,ROM,box,stuff depositor,stuff depositor,1
R_vrdtJFUbfRAzCox,ROM,carrot,orange vegetable,orange vegetable,1
R_vrdtJFUbfRAzCox,ROM,couch,cool place to lie down,cool place to lie down,1
R_vrdtJFUbfRAzCox,ROM,fork,eating essential ustensile,eating essential utensil,1
R_vrdtJFUbfRAzCox,ROM,glasses,full-HD view,full hd view,1
R_vrdtJFUbfRAzCox,ROM,shovel,dirt creator,dirt creator,1
R_vrdtJFUbfRAzCox,ROM,toilet,poo eater,poo eater,1
R_vrdtJFUbfRAzCox,ROM,wallet,money keeper,money keeper,1
R_w0Nzh4IL1pwEBKV,ROM,balloon,flying rubber,flying rubber,1
R_w0Nzh4IL1pwEBKV,ROM,box,cardboard casket,cardboard casket,1
R_w0Nzh4IL1pwEBKV,ROM,carrot,rabbit food,rabbit food,1
R_w0Nzh4IL1pwEBKV,ROM,couch,jumping bed,jumping bed,1
R_w0Nzh4IL1pwEBKV,ROM,fork,four-dent,four dent,1
R_w0Nzh4IL1pwEBKV,ROM,glasses,human windscreen,human windscreen,1
R_w0Nzh4IL1pwEBKV,ROM,shovel,digging tool,digging tool,1
R_w0Nzh4IL1pwEBKV,ROM,toilet,throne,throne,1
R_w0Nzh4IL1pwEBKV,ROM,wallet,money keeper,money keeper,1
R_WlzSZzHYLlZUBax,ROM,balloon,breath holder,breath holder,1
R_WlzSZzHYLlZUBax,ROM,box,things keeper,things keeper,1
R_WlzSZzHYLlZUBax,ROM,carrot,rabbit's favourite,rabbit's favourite,1
R_WlzSZzHYLlZUBax,ROM,couch,TV seat,tv seat,1
R_WlzSZzHYLlZUBax,ROM,fork,little hay mover,little hay mover,1
R_WlzSZzHYLlZUBax,ROM,glasses,eye enhancer,eye enhancer,1
R_WlzSZzHYLlZUBax,ROM,shovel,earth mover,earth mover,1
R_WlzSZzHYLlZUBax,ROM,toilet,bathroom throne,bathroom throne,1
R_WlzSZzHYLlZUBax,ROM,wallet,money keeper,money keeper,1
R_wMKmPztHYD4pgFb,ROM,balloon,green fat winged,green fat winged,1
R_wMKmPztHYD4pgFb,ROM,box,opened prison for things,opened prison for things,1
R_wMKmPztHYD4pgFb,ROM,carrot,soup participant,soup participant,1
R_wMKmPztHYD4pgFb,ROM,couch,"long,upholstered two-legged furniture",long upholstered two-legged furniture,1
R_wMKmPztHYD4pgFb,ROM,fork,food penetrator,food penetrator,1
R_wMKmPztHYD4pgFb,ROM,glasses,view corrector,view corrector,1
R_wMKmPztHYD4pgFb,ROM,shovel,vegetables's saviour,vegetables' saviour,1
R_wMKmPztHYD4pgFb,ROM,toilet,telephone's friend,telephone's friend,1
R_wMKmPztHYD4pgFb,ROM,wallet,money keeper and eater,money keeper and eater,1
R_wTyF8yq5ZNFL0DD,ROM,balloon,full of air room,full of air room,1
R_wTyF8yq5ZNFL0DD,ROM,box,objects keeper,objects keeper,1
R_wTyF8yq5ZNFL0DD,ROM,carrot,rabbit's favourite food,rabbit's favourite food,1
R_wTyF8yq5ZNFL0DD,ROM,couch,rest helper,rest helper,1
R_wTyF8yq5ZNFL0DD,ROM,fork,food grabber,food grabber,1
R_wTyF8yq5ZNFL0DD,ROM,glasses,eye corrector,eye corrector,1
R_wTyF8yq5ZNFL0DD,ROM,shovel,land digger,land digger,1
R_wTyF8yq5ZNFL0DD,ROM,toilet,bathroom thinker,bathroom thinker,1
R_wTyF8yq5ZNFL0DD,ROM,wallet,money keeper,money keeper,1
R_x4OQiEcTsLqROkp,ROM,box,putting things on,putting things on,1
R_x4OQiEcTsLqROkp,ROM,carrot,orange cucumber for rabbits,orange cucumber for rabbits,1
R_x4OQiEcTsLqROkp,ROM,toilet,getting out,getting out,1
R_x4OQiEcTsLqROkp,ROM,wallet,money keeper,money keeper,1
R_x9Gp1EudOp4OnCN,ROM,balloon,flying sphere,flying sphere,1
R_x9Gp1EudOp4OnCN,ROM,box,mysterious gift,mysterious gift,1
R_x9Gp1EudOp4OnCN,ROM,carrot,orange wand,orange wand,1
R_x9Gp1EudOp4OnCN,ROM,couch,multiple chair,multiple chair,1
R_x9Gp1EudOp4OnCN,ROM,fork,teeth helpers,teeth helpers,1
R_x9Gp1EudOp4OnCN,ROM,glasses,amplifier of view,amplifier of view,1
R_x9Gp1EudOp4OnCN,ROM,shovel,hard work tool,hard work tool,1
R_x9Gp1EudOp4OnCN,ROM,toilet,disposer of jobs,disposer of jobs,1
R_x9Gp1EudOp4OnCN,ROM,wallet,storage for money,storage for money,1
R_XolWauuhUxlufm1,ROM,balloon,going-to-the-moon bag,going to the moon bag,1
R_XolWauuhUxlufm1,ROM,box,stuff holder,stuff holder,1
R_XolWauuhUxlufm1,ROM,carrot,rabbit' hot dog,rabbit hot dog,1
R_XolWauuhUxlufm1,ROM,couch,watching-tv bed,watching tv bed,1
R_XolWauuhUxlufm1,ROM,fork,eating iron,eating iron,1
R_XolWauuhUxlufm1,ROM,glasses,sun look,sun look,1
R_XolWauuhUxlufm1,ROM,shovel,grave going,grave going,1
R_XolWauuhUxlufm1,ROM,toilet,bathroom's throne,bathroom's throne,1
R_XolWauuhUxlufm1,ROM,wallet,money holder,money holder,1
R_XvmSzF3CnAAOQDv,ROM,balloon,baby zeppelin,baby zeppelin,1
R_XvmSzF3CnAAOQDv,ROM,box,best home for cats,best home for cats,1
R_XvmSzF3CnAAOQDv,ROM,carrot,rabbit food,rabbit food,1
R_XvmSzF3CnAAOQDv,ROM,couch,nap machine,nap machine,1
R_XvmSzF3CnAAOQDv,ROM,fork,The Little Mermaid's comb,the little mermaid's comb,1
R_XvmSzF3CnAAOQDv,ROM,glasses,Vision enhancer,vision enhancer,1
R_XvmSzF3CnAAOQDv,ROM,shovel,hole maker,hole maker,1
R_XvmSzF3CnAAOQDv,ROM,wallet,money holder,money holder,1
R_Zres5zjqgT36pEt,ROM,balloon,rubber air holder,rubber air holder,1
R_Zres5zjqgT36pEt,ROM,box,carton guard,carton guard,1
R_Zres5zjqgT36pEt,ROM,carrot,bunny's snack,bunny's snack,1
R_Zres5zjqgT36pEt,ROM,couch,body holder,body holder,1
R_Zres5zjqgT36pEt,ROM,fork,comb for food,comb for food,1
R_Zres5zjqgT36pEt,ROM,glasses,clarifier,clarifier,1
R_Zres5zjqgT36pEt,ROM,shovel,plant remover,plant remover,1
R_Zres5zjqgT36pEt,ROM,toilet,pee-pee taker,pee pee taker,1
R_Zres5zjqgT36pEt,ROM,wallet,money collector,money collector,1
853415,NES,fork,Food shovel,food shovel,1